{
    "paragraphs": [
        {
            "text": "<strong>Un Podcast Seguro</strong> nace como una iniciativa independiente cofundada por <a href=\"https://www.linkedin.com/in/marcgr1998/\" target=\"_blank\" class=\"text-link\">Marc Gracia</a> y <a href=\"https://www.linkedin.com/in/david-l%C3%B3pez-llorens-874274225/\" target=\"_blank\" class=\"text-link\">David López</a>, a quienes se une en el equipo <a href=\"https://www.linkedin.com/in/joaquin-gamiz/\" target=\"_blank\" class=\"text-link\">Joaquín Gamiz</a>, junto a una red de colaboradores especializados en ciberseguridad. Nuestro propósito es acercar el mundo de la seguridad de la información a profesionales, empresas y a cualquier persona interesada en entender cómo protegerse en un entorno digital cada vez más complejo."
        },
        {
            "text": "El podcast surge de una necesidad clara: la ciberseguridad no es solo un tema técnico, sino también estratégico y humano. En cada episodio abordamos los retos más actuales, desde amenazas emergentes hasta la aplicación práctica de marcos normativos, pasando por la experiencia de CISOs, consultores, analistas y otros perfiles que están en primera línea. Creemos que compartir conocimiento, casos reales y puntos de vista diversos ayuda a generar conciencia y a construir una comunidad más preparada."
        },
        {
            "text": "Lo que hacemos es simple pero poderoso: crear un espacio de conversación honesta, útil y cercana sobre seguridad. Entrevistamos a referentes del sector, analizamos tendencias, exploramos soluciones y damos voz a profesionales que quieren aportar su visión. Todo ello con un lenguaje claro, evitando tecnicismos innecesarios, para que cualquier oyente pueda aprender, reflexionar y llevarse ideas prácticas a su día a día."
        }
    ],
    "award": {
        "intro": "Nos enorgullece compartir que hemos sido reconocidos por nuestra labor divulgativa:",
        "url": "https://www.linkedin.com/feed/update/urn:li:activity:7380677817593663488/",
        "title": "Premio Blue Talent In-Cansables",
        "subtitle": "Mejor Podcast (Septiembre)"
    }
}