[
  {
    "name": "Ramón Carlos Rico",
    "url": "https://www.linkedin.com/in/ram%C3%B3n-carlos-rico-g%C3%B3mez-844174147/",
    "image": "colaboradores/8.webp"
  },
  {
    "name": "Álvaro Morales",
    "url": "https://www.linkedin.com/in/alvaro-morales-ab6480194/",
    "image": "colaboradores/9.webp"
  },
  {
    "name": "Ramón Frizat (Aka. Frib1t)",
    "url": "https://www.linkedin.com/in/ramonfrizat/",
    "image": "colaboradores/10.webp"
  },
  {
    "name": "Thomas O'neil",
    "url": "https://www.linkedin.com/in/thomasoneil%C3%A1lvarez/",
    "image": "colaboradores/11.webp"
  },
  {
    "name": "Gonzalo Oliver",
    "url": "https://www.linkedin.com/in/gonzalo-oliver-martin/",
    "image": "colaboradores/12.webp"
  },
  {
    "name": "Guillem Pétriz",
    "url": "https://www.linkedin.com/in/guillem-p%C3%A9triz-i-molina-bbba50216/",
    "image": "colaboradores/13.webp"
  }
]