{
  "hero_subtitle": "¡Un podcast de ciberseguridad hecho para los que son y quieren ser profesionales de la ciberseguridad!",
  "founders": [
    {
      "name": "David",
      "link": "https://www.linkedin.com/in/davidlopezllorens/",
      "image": "david.webp"
    },
    {
      "name": "Marc",
      "link": "https://es.linkedin.com/in/marcgr1998",
      "image": "marc.webp"
    },
    {
      "name": "Joaquín",
      "link": "https://www.linkedin.com/in/joaquin-gamiz/",
      "image": "joaquin.webp"
    }
  ]
}