[
  {
    "id": 1,
    "badge": "SOC",
    "badge_class": "tech",
    "date": "1 Diciembre 2025",
    "title": " #48 - Cómo se protege una ciudad: David Esteban, CISO del Ayuntamiento de Barcelona",
    "description": "¡Bienvenido a la newsletter más segura de internet!\nHoy estrenamos nuestro primer podcast presencial.\n\nMarc Gracia y David López se sientan con David Esteban, CISO del Ayuntamiento de Barcelona, para entender cómo se protege una de las ciudades más grandes (y complejas) de España. \n\nHablamos de smart city y servicios críticos, de simulacros técnicos y directivos que de verdad preparan, de qué externalizar y qué no sin perder el control… y de cómo será el rol del CISO en 2030.\n\nHoy te llevas:",
    "highlights": [
      {
        "icon": "fas fa-brain",
        "text": "<strong>Smart city:</strong> Sensores e IoT suman, pero lo que duele es que fallen semáforos, agua o alumbrado; se prioriza por servicios críticos con el municipio<br><br>\n<strong>Crisis de ciudad:</strong> La ciber es un escenario más del plan municipal; coordinación con Bomberos, Guardia Urbana y 112, usando la gobernanza existente<br><br>\n<strong>Hablar en euros:</strong> El riesgo es del servicio (no de “puertos”); Seguridad traduce y cuantifica, y el dueño del proceso lidera y comunica<br><br>\n<strong>CISO 2030:</strong> Menos teclado, más dirección; negocio y comunicación con criterio técnico, formación transversal y lenguaje financiero."
      }
    ]
  },
  {
    "id": 2,
    "badge": "CISO",
    "badge_class": "tech",
    "date": "15 Diciembre 2025",
    "title": "#49 - Del SOC “bueno” al excelente con Manuel Castillo",
    "description": "¡Bienvenido a la newsletter más segura de internet!\n\nSegundo podcast presencial con el estreno de Joaquín.\n\nMarc Gracia y Joaquín Gamiz se sientan con Manuel Castillo, Director de Operaciones de Seguridad Global (SOC), para bajar a tierra cómo funciona un SOC global 24×7, qué lo convierte en excelente, cómo se adapta a nuevas amenazas y qué perfil se busca de verdad (te va a sorprender).\n\nHoy te llevas:\n",
    "highlights": [
      {
        "icon": "fas fa-tools",
        "text": "<strong>SOC “bueno” vs “excelente”:</strong> Playbooks, métricas TtT/TtR y simulacros reales<br><br>\n<strong>Operación 24×7:</strong> Relevos efectivos (ES + CO) y handovers claros<br><br>\n<strong>Ransomware hoy:</strong> Detección por TTPs y contención temprana<br><br>\n<strong>Perfil más demandado:</strong> Curiosidad, comunicación y disciplina documental."
      }
    ]
  },
  {
    "id": 3,
    "badge": "CTO",
    "badge_class": "compliance",
    "date": "1 Febrero 2026",
    "title": "#50 - Alejandro Aliaga: el “traductor” entre la capa técnica y directiva",
    "description": "¡Bienvenido a la newsletter más segura de internet!\n\nEsta semana nos sentamos con Alejandro Aliaga, un perfil con más de 20 años en ciber que ha pasado por lo técnico, por dirección y por montar SOCs “de verdad”. \n\nEn este episodio hablamos de procedimientos antes que herramientas, de diseñar un SOC a medida (no por catálogo) y de esa habilidad rara de ser traductor entre negocio y tecnología… sin perder el gusanillo técnico (si lo pierde, dice que se va a “cultivar tomates”).\n\nCon Marc Gracia y David López.\n\nHoy te llevas:",
    "highlights": [
      {
        "icon": "fas fa-comments",
        "text": "<strong>El traductor del equipo:</strong> Seguridad que habla negocio. Nada de puertos ni CVEs: impacto, riesgo y decisiones claras para dirección<br><br>\n\n<strong>SOC moderno:</strong> No va de sumar reglas, sino de cubrir riesgos reales: activos críticos, logs que importan y procedimientos que funcionan cuando hay fuego<br><br>\n\n<strong>Túnel VPN:</strong> Todo el logging pasaba por ahí… hasta que cayó. Resultado: visibilidad cero justo en el peor momento (diseño frágil, lección cara)<br><br>\n\n<strong>Compliance real:</strong> Cumplir para la auditoría ≠ ser maduro en seguridad. Es la diferencia entre pasar la ITV y mantener el coche en condiciones todo el año"
      }
    ]
  },
  {
    "id": 4,
    "badge": "MVP Copilot",
    "badge_class": "tech",
    "date": "15 Febrero 2026",
    "title": "#51 - Copilot sin humo y IA para NO-techies con Verónica Rivas",
    "description": "¡Bienvenido a la newsletter más segura de internet!\nEsta semana hablamos de IA con Verónica Rivas, Cybersecurity Service Manager y MVP de Microsoft 365 Copilot. \n\nVero lo explica claro: Copilot puede ser un acelerador brutal… pero solo si sabes para qué lo compras y si a quién se lo das sabe exprimir su potencial.\n\nCon Joaquín Gamiz y nuestro gran colaborador Ramón Rico.\n\nHoy te llevas:",
    "highlights": [
      {
        "icon": "fas fa-comments",
        "text": "<strong>Copilot sin humo:</strong> No es magia, es un “nitro”. Si no tienes volante ni carnet, no acelera. La clave está en explicarlo para que lo use gente no técnica y empiece con micro-victorias (un correo, un resumen, una presentación) sin sentirse tonta<br><br>\n\n<strong>Licencias con sentido:</strong> Antes de comprar, la pregunta no es “¿para qué lo quieres?”. No es “100 licencias y que Dios reparta”. Primero casos de uso claros, luego licencias adecuadas según perfil y necesidad real<br><br>\n\n<strong>IA y ciber juntas:</strong> No van por separado. Permisos bien definidos, etiquetado simple (sin 150 labels) y mínimo privilegio: lo básico que evita sustos cuando Copilot empieza a “leer” donde no debe<br><br>\n\n<strong>Seguridad real:</strong> Ni solo bloquear ni solo confiar. Saber dónde monitorizar, cuándo limitar y por qué la formación suele ganar a la prohibición… aunque siempre habrá algún kamikaze"
      }
    ]
  },
  {
    "id": 5,
    "badge": "CEO",
    "badge_class": "compliance",
    "date": "22 Febrero 2026",
    "title": "#52 - Cómo encuentran talento las empresas con Ariadna Díaz,  CEO de SindaHub",
    "description": "¡Bienvenido a la newsletter más segura de internet!\n\nEsta semana cambiamos terminal por talento: cómo se contrata de verdad en tech, por qué RRHH no es “solo nóminas” y qué hace que un buen perfil se te escape (o se quede).\n\nCon Marc Gracia y David López y una invitada que vive el hiring desde dentro, con presión real y objetivos: Ariadna Díaz, CEO de SindaHub.\n\nHoy te llevas:",
    "highlights": [
      {
        "icon": "fas fa-comments",
        "text": "<strong>RRHH sin cliché:</strong> No es “solo nóminas”. Es tragarse la parte dura: contratar con presión, pelear por perfiles y cumplir objetivos con el cronómetro en la nuca<br><br>\n\n<strong>Donde arde el mercado:</strong> Ciberseguridad e IA son los dos focos más calientes. Por eso los buenos perfiles cuestan… y cuando aparecen, vuelan. No es drama: es oferta/demanda pura<br><br>\n\n<strong>El CV abre, pero decide la persona:</strong> Las siglas ayudan a entrar, pero mandan las soft skills: humildad, comunicación y encaje. Al final eliges a quien te imaginas resolviendo marrones contigo, no a quien solo colecciona badges<br><br>\n\n<strong>Salario sin incomodar:</strong> La clave es preguntar bien: contexto, rango y expectativas claras. Y ojo: viene una ola de más transparencia salarial en ofertas y empresas, porque el “ya veremos” cada vez cuela menos"
      }
    ]
  },
  {
    "id": 6,
    "badge": "OSINT",
    "badge_class": "alert",
    "date": "1 Marzo 2026",
    "title": "#53 - T.J. (EX-Special Forces): Así analiza la información (OSINT)",
    "description": "¡Bienvenido a la newsletter más segura de internet!\nEsta semana cruzamos el charco y nos sentamos con Tony (T.J.), veterano de las fuerzas especiales de EE.UU., analista de inteligencia y especialista en OSINT/PAI.\n\nCon Joaquín Gamiz y nuestro gran colaborador Ramón Frizat (Frib1t).\n\nHoy te llevas:",
    "highlights": [
      {
        "icon": "fas fa-comments",
        "text": "<strong>OSINT sin fantasía:</strong> No es “hackear”, es leer el mundo con cabeza. La mayoría de líos vienen de no entender el riesgo de lo que publicas. No hace falta ser “famoso”: cualquiera puede ser usado como palanca. Y ponerlo “privado” no te vuelve invisible<br><br>\n\n<strong>Validar o comerte el bulo:</strong> No te cases con la primera versión. Contrasta fuentes, usa reverse image search, prueba distintos buscadores y asume que todas las herramientas fallan (sí, también la IA). El truco no es tener “la mejor”, es saber cuándo te puede engañar<br><br>\n\n<strong>Tu huella no es solo tuya:</strong> Aunque tú no subas nada, tu entorno te expone: etiquetas, fotos, ubicaciones, “inofensivos” detalles. Si buscas huella cero, no depende solo de ti… depende de tu círculo y de lo que comparte por ti<br><br>\n\n<strong>1 semana para empezar bien:</strong> Primero OPSEC básica (blindarte), luego dorking (buscar con método) y, por último, lo más traicionero: tus sesgos. Porque el fallo más común no es técnico: es creer lo que quieres creer"
      }
    ]
  }
]