[
  {
    "guest_name": "Eduvigis Ortiz",
    "episode_title": "Presidenta Women4Cyber Spain",
    "recommendation_text": "Gracias por de forma altruista querer hacer una sociedad más cibersegura."
  },
  {
    "guest_name": "Alejandro de Briñas",
    "episode_title": "Fundador CYDOO",
    "recommendation_text": "Gracias por el trabajo que estáis haciendo de divulgativo y por el podcast que es excelente."
  },
  {
    "guest_name": "Javier Martí",
    "episode_title": "CISO Secure&IT",
    "recommendation_text": "Muchísimas gracias esa labor de concienciación que hacéis que es súper importante."
  },
  {
    "guest_name": "Sergio Juárez",
    "episode_title": "CISO Bauhaus",
    "recommendation_text": "Un Podcast Seguro es una excelente iniciativa."
  },
  {
    "guest_name": "Eric Martínez",
    "episode_title": "CISO Serunion",
    "recommendation_text": "Estoy enganchado a Un Podcast Seguro."
  },
  {
    "guest_name": "Hiram Fernández",
    "episode_title": "Fundador SEVEN SECTOR TECHNOLOGIES",
    "recommendation_text": "Os animo a que sigáis haciendo este tipo de divulgación, sois el futuro."
  }
]