[
  {
    "id": "FmIdJBNZY_E",
    "title": "#52. Ariadna Diaz. Prepárate la entrevista para tu próximo trabajo.",
    "link": "https://www.youtube.com/watch?v=FmIdJBNZY_E",
    "thumbnail": "https://i.ytimg.com/vi/FmIdJBNZY_E/mqdefault.jpg",
    "published": ""
  },
  {
    "id": "VMrQzTX76I8",
    "title": "#51. Verónica Rivas. Sin formación, Copilot es solo una licencia cara.",
    "link": "https://www.youtube.com/watch?v=VMrQzTX76I8",
    "thumbnail": "https://i.ytimg.com/vi/VMrQzTX76I8/mqdefault.jpg",
    "published": ""
  },
  {
    "id": "CF9gb0eVpWs",
    "title": "#50. Alejandro Aliaga. He construido más de 7 SOC's.",
    "link": "https://www.youtube.com/watch?v=CF9gb0eVpWs",
    "thumbnail": "https://i.ytimg.com/vi/CF9gb0eVpWs/mqdefault.jpg",
    "published": ""
  },
  {
    "id": "GLOMwW8Rwug",
    "title": "#49. Manuel Castillo. La capacidad de dirigir un SOC Global.",
    "link": "https://www.youtube.com/watch?v=GLOMwW8Rwug",
    "thumbnail": "https://i.ytimg.com/vi/GLOMwW8Rwug/mqdefault.jpg",
    "published": ""
  },
  {
    "id": "u6NlBbWgJLs",
    "title": "#48. David Esteban. Barcelona necesita más ciberseguridad que nunca.",
    "link": "https://www.youtube.com/watch?v=u6NlBbWgJLs",
    "thumbnail": "https://i.ytimg.com/vi/u6NlBbWgJLs/mqdefault.jpg",
    "published": ""
  },
  {
    "id": "Ri4toFoFjE4",
    "title": "#47. Victoria Hernández. La wallet europea de identidad digital.",
    "link": "https://www.youtube.com/watch?v=Ri4toFoFjE4",
    "thumbnail": "https://i.ytimg.com/vi/Ri4toFoFjE4/mqdefault.jpg",
    "published": ""
  },
  {
    "id": "YHyG4WkoqB0",
    "title": "#46. Hackavis. Fundar una empresa y un máster de ciberseguridad con 25 años.",
    "link": "https://www.youtube.com/watch?v=YHyG4WkoqB0",
    "thumbnail": "https://i.ytimg.com/vi/YHyG4WkoqB0/mqdefault.jpg",
    "published": ""
  },
  {
    "id": "U7rZYRgL5j0",
    "title": "#45. Fernando Ureña. No tengas miedo a probar cosas.",
    "link": "https://www.youtube.com/watch?v=U7rZYRgL5j0",
    "thumbnail": "https://i.ytimg.com/vi/U7rZYRgL5j0/mqdefault.jpg",
    "published": ""
  },
  {
    "id": "Yzsf4JLeqgQ",
    "title": "#44. Sergio Juárez. ¿Entornos de cliente final o multicliente? Ventajas y desventajas.",
    "link": "https://www.youtube.com/watch?v=Yzsf4JLeqgQ",
    "thumbnail": "https://i.ytimg.com/vi/Yzsf4JLeqgQ/mqdefault.jpg",
    "published": ""
  },
  {
    "id": "RLzNsfcgDJQ",
    "title": "#43. Elisa Alises. Entrenadora de Háckers.",
    "link": "https://www.youtube.com/watch?v=RLzNsfcgDJQ",
    "thumbnail": "https://i.ytimg.com/vi/RLzNsfcgDJQ/mqdefault.jpg",
    "published": ""
  },
  {
    "id": "oiTcyfn4sz8",
    "title": "#42. Carles Batlle. Las empresas siguen siendo irresponsables con la ciberseguridad.",
    "link": "https://www.youtube.com/watch?v=oiTcyfn4sz8",
    "thumbnail": "https://i.ytimg.com/vi/oiTcyfn4sz8/mqdefault.jpg",
    "published": ""
  },
  {
    "id": "QXEM6r9tdrM",
    "title": "#41. Sergio Albea. Microsoft Security desde Suiza.",
    "link": "https://www.youtube.com/watch?v=QXEM6r9tdrM",
    "thumbnail": "https://i.ytimg.com/vi/QXEM6r9tdrM/mqdefault.jpg",
    "published": ""
  },
  {
    "id": "KEeBZiRZHoU",
    "title": "#40. Eric Martínez. CISO en una empresa de 27.000 empleados.",
    "link": "https://www.youtube.com/watch?v=KEeBZiRZHoU",
    "thumbnail": "https://i.ytimg.com/vi/KEeBZiRZHoU/mqdefault.jpg",
    "published": ""
  },
  {
    "id": "O30jD0Bcrzg",
    "title": "#39. Juan Prieto. Así nos ayuda INCIBE.",
    "link": "https://www.youtube.com/watch?v=O30jD0Bcrzg",
    "thumbnail": "https://i.ytimg.com/vi/O30jD0Bcrzg/mqdefault.jpg",
    "published": ""
  },
  {
    "id": "Eb-Xz-4__4w",
    "title": "#38. Xavi Márquez. Hackear al Departamento de Seguridad Nacional de EEUU.",
    "link": "https://www.youtube.com/watch?v=Eb-Xz-4__4w",
    "thumbnail": "https://i.ytimg.com/vi/Eb-Xz-4__4w/mqdefault.jpg",
    "published": ""
  },
  {
    "id": "r_XeG--btpM",
    "title": "#37. Sergio Martínez. El objetivo es dormir tranquilo.",
    "link": "https://www.youtube.com/watch?v=r_XeG--btpM",
    "thumbnail": "https://i.ytimg.com/vi/r_XeG--btpM/mqdefault.jpg",
    "published": ""
  },
  {
    "id": "YmASDFdqjrc",
    "title": "#33. Xavi Bertomeu. No todo lo que brilla es ser CISO.",
    "link": "https://www.youtube.com/watch?v=YmASDFdqjrc",
    "thumbnail": "https://i.ytimg.com/vi/YmASDFdqjrc/mqdefault.jpg",
    "published": ""
  },
  {
    "id": "n4uI9qz0u7c",
    "title": "Demo de una automatización con n8n orientada a ciberseguridad con Alvaro Morales. Proyecto AISAC.",
    "link": "https://www.youtube.com/watch?v=n4uI9qz0u7c",
    "thumbnail": "https://i.ytimg.com/vi/n4uI9qz0u7c/mqdefault.jpg",
    "published": ""
  }
]